Distance_km,Weather,Traffic_Level,Time_of_Day,Vehicle_Type,Preparation_Time_min,Courier_Experience_yrs,Delivery_Time_min
7.93,Windy,Low,Afternoon,Scooter,12,1,43
16.42,Clear,Medium,Evening,Bike,20,2,84
9.52,Foggy,Low,Night,Scooter,28,1,59
7.44,Rainy,Medium,Afternoon,Scooter,5,1,37
19.03,Clear,Low,Morning,Bike,16,5,68
19.4,Clear,Low,Evening,Scooter,8,9,57
9.52,Clear,Low,Morning,Bike,12,1,49
17.39,Clear,Medium,Evening,Scooter,5,6,46
1.78,Snowy,Low,Evening,Car,20,6,35
10.62,Foggy,Low,Evening,Scooter,29,1,73
16.86,Snowy,Medium,Afternoon,Car,13,4,88
15.54,Clear,Low,Night,Bike,29,1,76
10.89,Clear,High,Night,Bike,12,5,53
4.69,Rainy,Medium,Evening,Scooter,12,7,36
2.8,Clear,High,Morning,Scooter,10,0,33
2.17,Snowy,Low,Evening,Car,15,3,35
17.86,Rainy,Low,Afternoon,Bike,5,1,50
2.53,Snowy,Low,Morning,Bike,6,8,24
6.58,Foggy,Low,Evening,Car,6,7,27
5.38,Clear,Medium,Evening,Scooter,26,1,47
15.56,Rainy,Low,Afternoon,Scooter,28,0,72
13.08,Rainy,Low,Morning,Car,16,4,58
0.86,Clear,High,Afternoon,Bike,26,5,37
5.83,Clear,High,Evening,Car,27,9,56
11.2,Clear,Medium,Morning,Bike,23,0,73
14.59,Clear,Medium,Morning,Bike,15,6,64
12.91,Windy,Medium,Evening,Bike,11,6,56
13.92,Snowy,Low,Morning,Scooter,18,4,70
4.04,Snowy,Low,Night,Bike,11,9,70
18.05,Clear,Medium,Evening,Scooter,10,7,123
12.88,Clear,Medium,Morning,Scooter,8,5,52
19.45,Rainy,High,Morning,Scooter,20,6,108
4.58,Clear,High,Morning,Scooter,22,9,45
19.73,Foggy,Medium,Evening,Bike,27,4,111
2.47,Windy,Medium,Morning,Bike,27,2,44
17.8,Snowy,Medium,Morning,Bike,16,9,73
5.96,Clear,Medium,Afternoon,Bike,22,7,45
12.85,Windy,Medium,Afternoon,Scooter,18,7,61
1.02,Clear,Medium,Afternoon,Bike,25,4,34
6.84,Rainy,Medium,Night,Car,14,8,47
8.68,Rainy,Medium,Morning,Bike,8,5,52
10.69,Clear,Medium,Night,Bike,25,9,67
0.99,Clear,Medium,Evening,Bike,15,0,32
1.11,Clear,Low,Morning,Bike,5,6,8
2.16,Snowy,Low,Evening,Scooter,15,0,36
13.17,Windy,Medium,Afternoon,Bike,16,4,67
8.79,Snowy,Low,Night,Bike,14,6,43
5.93,Clear,Low,Afternoon,Scooter,19,3,36
2.09,Rainy,Low,Night,Bike,23,2,36
7.57,Clear,Low,Morning,Bike,21,0,56
10.52,Rainy,Medium,Afternoon,Scooter,8,4,56
4.83,Rainy,Low,Morning,Car,25,9,47
19.81,Snowy,Medium,Afternoon,Car,20,5,104
10.1,Rainy,Low,Evening,Car,8,4,50
7.64,Windy,Low,Afternoon,Car,10,8,31
12.35,Clear,Low,Morning,Scooter,10,6,35
5.9,Rainy,Low,Evening,Car,26,9,44
0.9,Clear,Low,Afternoon,Bike,20,8,23
11.58,Clear,Medium,Morning,Scooter,16,2,61
16.16,Clear,High,Afternoon,Bike,11,1,82
15.51,Clear,Low,Evening,Bike,17,9,69
12.16,Windy,High,Evening,Scooter,11,0,69
4.96,Rainy,High,Morning,Bike,21,0,60
3.64,Windy,High,Evening,Bike,17,6,40
2.85,Clear,Low,Morning,Scooter,26,0,38
10.4,Clear,Low,Evening,Bike,16,4,52
12.31,Windy,Low,Morning,Bike,29,4,68
3.53,Clear,Medium,Afternoon,Bike,13,7,31
15.56,Clear,Medium,Evening,Bike,14,3,54
13.6,Clear,Medium,Afternoon,Bike,27,0,87
15.23,Snowy,High,Morning,Bike,5,0,62
4.17,Clear,Low,Evening,Scooter,5,1,22
3.21,Rainy,High,Night,Scooter,16,0,42
6.38,Snowy,Low,Evening,Bike,16,1,111
16.54,Rainy,Low,Afternoon,Scooter,6,7,51
12.02,Clear,Low,Morning,Car,9,7,41
11.94,Clear,Low,Evening,Bike,20,3,69
9.08,Clear,Low,Afternoon,Scooter,14,5,49
3.46,Snowy,Medium,Morning,Scooter,23,3,48
6.8,Foggy,Medium,Morning,Scooter,13,7,46
17.38,Rainy,Medium,Afternoon,Scooter,11,2,92
3.25,Clear,Low,Morning,Bike,23,7,32
10.28,Clear,Medium,Evening,Scooter,29,3,71
16.14,Clear,Low,Night,Car,6,9,65
3.55,Clear,Medium,Evening,Bike,23,0,43
10.65,Clear,Medium,Afternoon,Scooter,23,8,58
19.03,Clear,Low,Afternoon,Car,26,5,68
7.3,Clear,Low,Night,Scooter,14,7,28
7.03,Clear,Low,Evening,Scooter,21,1,44
12.43,Snowy,Low,Afternoon,Car,12,0,70
12.76,Windy,High,Morning,Scooter,27,0,74
11.39,Rainy,High,Evening,Scooter,14,1,72
19.41,Clear,Low,Morning,Car,7,3,48
13.17,Rainy,High,Evening,Scooter,17,8,69
8.32,Rainy,Low,Afternoon,Car,12,2,49
1.92,Clear,Low,Evening,Bike,8,7,14
1.15,Clear,Low,Afternoon,Scooter,26,4,30
17.8,Windy,High,Afternoon,Car,12,9,73
7.46,Clear,Medium,Evening,Bike,8,5,42
7.25,Clear,Medium,Afternoon,Scooter,18,4,45
16.7,Clear,Medium,Afternoon,Scooter,28,1,76
17.2,Rainy,High,Afternoon,Scooter,14,2,94
0.86,Clear,Medium,Afternoon,Car,21,7,28
18.76,Clear,Medium,Evening,Car,15,2,80
9.22,Clear,Medium,Afternoon,Car,18,9,57
2.84,Clear,Low,Evening,Scooter,24,2,35
17.59,Clear,Low,Morning,Bike,24,6,69
14.89,Snowy,High,Morning,Scooter,17,6,87
1.3,Clear,Medium,Evening,Bike,22,4,31
18.99,Rainy,High,Afternoon,Bike,10,6,70
1.6,Foggy,Low,Night,Scooter,24,0,37
8.26,Snowy,Low,Afternoon,Bike,15,1,57
10.16,Clear,High,Night,Bike,12,5,52
12.03,Clear,Medium,Evening,Car,20,5,65
14.73,Rainy,Low,Afternoon,Bike,24,6,74
12.56,Clear,High,Evening,Bike,17,5,69
5.53,Clear,Medium,Afternoon,Bike,19,1,44
10.18,Foggy,Medium,Morning,Bike,25,3,73
15.5,Clear,Medium,Morning,Scooter,28,9,91
2.98,Foggy,Medium,Night,Bike,11,2,27
16.69,Foggy,Medium,Evening,Scooter,8,2,65
11.22,Windy,High,Evening,Bike,25,5,79
8.53,Clear,Low,Evening,Scooter,8,2,41
12.49,Clear,Medium,Morning,Bike,25,4,77
0.97,Clear,Low,Night,Scooter,24,8,26
12.6,Windy,Medium,Afternoon,Car,8,6,58
6.91,Clear,Medium,Evening,Scooter,28,9,56
18.97,Clear,Low,Evening,Car,25,4,141
4.05,Clear,Medium,Evening,Bike,20,0,44
14.29,Windy,Medium,Morning,Bike,14,7,78
1.3,Foggy,Low,Evening,Bike,19,5,29
12.11,Rainy,Low,Morning,Bike,9,5,59
14.94,Clear,Medium,Morning,Bike,11,0,62
2.29,Rainy,High,Afternoon,Car,8,8,80
17.36,Rainy,High,Afternoon,Bike,24,1,105
18.48,Clear,Medium,Night,Bike,8,0,82
16.25,Foggy,High,Morning,Bike,10,5,91
5.13,Clear,Low,Morning,Car,15,4,30
15.81,Clear,Low,Evening,Car,25,1,92
0.61,Clear,Low,Afternoon,Scooter,10,0,16
5.55,Foggy,High,Evening,Bike,18,1,116
19.35,Clear,High,Morning,Bike,12,7,75
4.03,Clear,Medium,Evening,Bike,9,5,25
7.09,Snowy,Low,Morning,Scooter,13,8,37
8.25,Clear,Medium,Afternoon,Bike,7,9,28
11.26,Clear,Low,Night,Bike,5,6,49
19.7,Rainy,Low,Evening,Bike,10,2,60
0.8,Snowy,High,Evening,Bike,14,9,36
7,Rainy,Medium,Evening,Bike,17,9,49
14.43,Clear,Medium,Morning,Car,14,4,113
6.89,Rainy,Medium,Afternoon,Bike,11,6,43
5.13,Foggy,Medium,Evening,Car,25,1,60
1.5,Clear,Low,Afternoon,Bike,10,1,17
2.78,Clear,High,Afternoon,Scooter,9,0,41
11.31,Clear,Medium,Evening,Bike,7,0,54
15.05,Clear,Medium,Evening,Car,12,2,66
5.78,Foggy,Low,Afternoon,Scooter,9,9,33
11.83,Clear,Low,Evening,Scooter,9,7,32
8.08,Foggy,Low,Morning,Bike,25,2,61
16.1,Clear,Low,Evening,Bike,25,0,64
9.74,Rainy,Medium,Evening,Scooter,7,8,37
17.6,Clear,Low,Afternoon,Bike,27,3,69
10.22,Snowy,Medium,Night,Bike,18,1,68
2.19,Clear,Low,Evening,Bike,26,3,32
11.41,Windy,Medium,Afternoon,Scooter,17,4,68
4.14,Clear,Medium,Morning,Scooter,14,2,30
12.65,Rainy,Low,Afternoon,Bike,18,8,60
4.15,Clear,Medium,Morning,Car,17,8,46
16.8,Clear,High,Morning,Car,19,4,85
9.06,Clear,Medium,Evening,Bike,23,4,47
13.04,Clear,Medium,Morning,Scooter,20,6,65
10.7,Clear,Medium,Afternoon,Scooter,8,5,44
6.15,Foggy,Low,Evening,Scooter,26,5,48
16.47,Snowy,High,Evening,Scooter,20,9,75
1.39,Clear,Medium,Afternoon,Bike,15,4,24
11.14,Rainy,Medium,Morning,Scooter,7,3,47
3.81,Rainy,High,Afternoon,Bike,5,6,31
2.39,Rainy,Medium,Evening,Bike,27,7,43
11.74,Clear,High,Evening,Car,6,3,54
8.26,Clear,Low,Evening,Car,21,4,80
9.54,Rainy,Medium,Evening,Scooter,11,5,47
3.88,Clear,Medium,Morning,Bike,16,2,35
0.95,Rainy,Medium,Morning,Car,27,0,44
8.59,Clear,Low,Night,Scooter,17,8,36
8.59,Clear,Low,Evening,Bike,22,2,43
14.21,Clear,Medium,Evening,Bike,24,0,58
13.03,Foggy,Low,Morning,Scooter,9,1,50
8.03,Clear,Low,Evening,Scooter,14,8,42
13.2,Snowy,Low,Morning,Car,14,3,62
12.67,Clear,Medium,Evening,Car,10,3,65
17.54,Clear,Medium,Morning,Car,16,8,54
9.32,Clear,Low,Morning,Scooter,6,5,30
6.03,Rainy,High,Afternoon,Car,8,6,46
15.71,Clear,Low,Afternoon,Scooter,28,5,69
4.87,Snowy,High,Evening,Bike,16,7,54
18.15,Rainy,High,Morning,Bike,22,7,108
0.78,Clear,Medium,Morning,Bike,6,1,17
0.6,Clear,Low,Afternoon,Bike,26,3,30
2.09,Clear,Medium,Evening,Bike,5,5,16
7.49,Clear,Medium,Morning,Scooter,13,9,45
1.41,Foggy,Medium,Evening,Bike,15,0,72
18.92,Clear,High,Morning,Scooter,27,4,100
12.41,Clear,Medium,Morning,Car,10,1,51
1.06,Clear,Low,Afternoon,Scooter,19,6,21
18.34,Clear,High,Night,Bike,9,4,92
13.52,Clear,Low,Morning,Scooter,27,1,82
16.79,Foggy,High,Afternoon,Bike,24,6,85
15.39,Clear,Medium,Evening,Scooter,24,5,89
7.39,Rainy,Medium,Morning,Scooter,25,6,60
10.98,Rainy,Low,Morning,Scooter,10,6,55
11.08,Snowy,Medium,Morning,Bike,9,0,57
5.41,Clear,Medium,Night,Bike,14,5,36
0.94,Clear,High,Morning,Bike,9,6,21
7.27,Windy,Low,Afternoon,Bike,10,5,35
2.99,Windy,Medium,Morning,Bike,27,5,41
15.28,Snowy,Low,Evening,Bike,16,5,72
2.48,Windy,Medium,Afternoon,Car,14,6,27
17.13,Rainy,Low,Evening,Car,19,1,71
7.17,Clear,Low,Afternoon,Bike,15,7,32
5.47,Rainy,Low,Morning,Car,21,6,38
19.53,Foggy,Low,Afternoon,Bike,11,6,87
7.5,Clear,High,Morning,Bike,29,1,66
5.61,Windy,Low,Night,Bike,25,9,48
4.1,Clear,Low,Morning,Bike,21,3,37
6.22,Rainy,Medium,Morning,Bike,15,0,49
14.77,Clear,High,Morning,Scooter,11,6,67
12.55,Windy,Low,Evening,Bike,13,8,51
10.31,Foggy,Medium,Morning,Scooter,19,5,62
8.72,Snowy,Medium,Evening,Car,18,7,64
17.07,Clear,Medium,Morning,Bike,20,6,73
8.27,Clear,High,Afternoon,Scooter,13,5,58
7.54,Snowy,Low,Afternoon,Bike,20,0,55
14.07,Clear,High,Afternoon,Bike,5,8,67
19.02,Clear,Medium,Afternoon,Bike,29,9,87
19,Clear,High,Morning,Car,28,3,96
3.83,Rainy,Medium,Afternoon,Bike,12,9,30
10.3,Clear,Low,Evening,Scooter,19,8,48
8.09,Clear,High,Afternoon,Scooter,15,4,51
18.06,Clear,Medium,Night,Bike,9,8,52
2.76,Windy,Medium,Morning,Scooter,8,5,22
12.17,Snowy,Low,Evening,Bike,20,8,68
12.33,Clear,Medium,Evening,Bike,22,9,75
1.38,Clear,Medium,Evening,Scooter,5,8,13
18.49,Clear,Low,Afternoon,Scooter,14,6,71
10.57,Snowy,Low,Afternoon,Bike,28,9,59
2,Clear,High,Evening,Scooter,10,2,30
3.29,Clear,Medium,Afternoon,Scooter,17,4,32
1.94,Rainy,Medium,Morning,Bike,16,0,35
6.56,Windy,Medium,Evening,Bike,14,1,47
9.58,Clear,High,Afternoon,Car,26,8,60
6.95,Clear,Medium,Morning,Scooter,25,2,58
14.05,Clear,High,Morning,Scooter,19,0,72
18.97,Rainy,High,Night,Bike,20,8,108
13.53,Rainy,Low,Evening,Bike,28,8,78
15.14,Rainy,Medium,Morning,Bike,8,6,66
5.96,Clear,Low,Afternoon,Bike,26,6,48
3.43,Windy,Medium,Morning,Bike,7,6,23
6.24,Clear,Medium,Evening,Bike,15,3,52
17.94,Rainy,High,Evening,Scooter,22,6,85
3.54,Rainy,Medium,Evening,Bike,10,5,32
16.38,Rainy,Medium,Night,Bike,7,0,90
7.81,Clear,Low,Evening,Bike,11,4,42
8.84,Clear,Medium,Morning,Bike,26,0,57
14.09,Clear,Medium,Afternoon,Scooter,12,3,55
11.92,Clear,Low,Afternoon,Scooter,14,4,46
17.3,Clear,Low,Evening,Scooter,9,0,67
14.08,Clear,High,Morning,Bike,28,6,66
2.8,Clear,High,Afternoon,Bike,28,1,50
17.96,Clear,Medium,Evening,Bike,22,2,76
14.09,Clear,High,Afternoon,Bike,12,6,67
9.39,Clear,Low,Morning,Bike,14,2,37
17.9,Clear,Low,Morning,Bike,23,1,85
4.55,Rainy,Low,Afternoon,Bike,5,6,21
6.24,Snowy,Low,Afternoon,Bike,20,4,51
16.92,Clear,Low,Morning,Scooter,29,0,70
14.31,Clear,Medium,Morning,Bike,9,8,47
14.66,Windy,Medium,Evening,Bike,20,2,77
2.23,Clear,Low,Morning,Bike,7,6,14
12.65,Clear,Low,Evening,Bike,15,4,66
7.24,Rainy,Medium,Evening,Bike,28,6,65
3.01,Clear,Medium,Evening,Bike,14,4,26
11.52,Clear,Medium,Morning,Scooter,25,2,58
3.95,Clear,Low,Afternoon,Bike,13,5,25
1.09,Clear,Medium,Morning,Scooter,6,2,17
13.99,Clear,High,Evening,Scooter,7,3,96
19.32,Rainy,High,Morning,Car,21,7,112
11.72,Rainy,Low,Evening,Bike,11,9,42
2.13,Rainy,Low,Morning,Scooter,9,2,22
8.17,Clear,Medium,Afternoon,Scooter,20,9,44
12.21,Clear,High,Morning,Bike,9,4,57
3.17,Clear,Medium,Evening,Scooter,17,6,33
18.68,Snowy,Low,Afternoon,Bike,11,8,62
10.95,Clear,Medium,Evening,Scooter,24,4,55
19.26,Windy,Medium,Morning,Scooter,21,6,67
9.44,Rainy,Medium,Evening,Scooter,28,8,63
4.86,Foggy,Medium,Evening,Car,25,4,52
5.81,Foggy,Low,Afternoon,Bike,25,8,51
7.34,Rainy,Low,Evening,Bike,22,8,47
17.39,Foggy,Medium,Morning,Bike,25,4,100
5.22,Snowy,Low,Evening,Bike,11,9,40
12.32,Clear,Medium,Evening,Scooter,17,4,71
2.15,Windy,Medium,Afternoon,Car,17,6,30
9.36,Rainy,High,Morning,Scooter,17,2,65
2.28,Clear,Medium,Evening,Scooter,27,9,39
14.54,Clear,Medium,Evening,Bike,29,2,73
12.15,Clear,High,Morning,Car,12,6,63
1.4,Windy,Low,Evening,Bike,9,9,17
3.37,Clear,High,Morning,Bike,9,2,28
3.85,Rainy,Medium,Afternoon,Bike,26,3,46
9.03,Clear,Low,Evening,Bike,11,5,43
17.99,Snowy,Low,Afternoon,Bike,15,3,63
16.35,Clear,Medium,Morning,Bike,16,0,66
19.61,Clear,High,Evening,Bike,8,6,72
16.29,Clear,Low,Morning,Bike,20,1,72
7.84,Windy,Low,Afternoon,Bike,6,4,28
18.17,Rainy,Low,Afternoon,Car,13,0,71
17.89,Windy,Low,Evening,Bike,27,1,101
13.34,Clear,Medium,Night,Bike,20,6,53
4.43,Foggy,Low,Morning,Scooter,10,1,63
13.21,Clear,Medium,Morning,Scooter,12,4,63
2.76,Windy,Medium,Night,Bike,6,2,27
1.5,Foggy,Medium,Evening,Scooter,15,4,32
11.04,Clear,Medium,Afternoon,Scooter,8,2,54
1.22,Clear,Medium,Evening,Scooter,6,6,14
14.58,Clear,Low,Afternoon,Bike,13,0,57
18.26,Rainy,High,Night,Scooter,28,7,93
3.88,Foggy,Low,Evening,Car,27,9,42
18.07,Clear,High,Afternoon,Scooter,5,2,67
12.11,Clear,Medium,Evening,Bike,28,0,75
7.08,Clear,Medium,Afternoon,Scooter,5,8,27
3.12,Rainy,Low,Evening,Scooter,14,5,28
2.03,Foggy,High,Evening,Car,14,4,36
1.8,Clear,Medium,Night,Bike,14,1,28
5.42,Clear,Low,Evening,Scooter,11,9,26
7.8,Clear,Low,Evening,Scooter,23,5,52
8.47,Rainy,Low,Afternoon,Scooter,19,0,48
6.79,Rainy,Low,Evening,Scooter,16,1,39
13.6,Rainy,Medium,Afternoon,Scooter,23,6,83
13.06,Rainy,High,Morning,Bike,17,8,59
19.93,Snowy,Low,Afternoon,Bike,6,6,59
11.3,Snowy,Medium,Afternoon,Bike,15,8,70
6.74,Rainy,Medium,Evening,Car,21,9,47
10.49,Rainy,Low,Morning,Bike,28,9,66
8.83,Clear,Medium,Evening,Scooter,12,3,109
7.15,Clear,High,Night,Car,29,7,60
15.94,Clear,Low,Evening,Bike,24,2,77
11.26,Foggy,High,Afternoon,Bike,14,2,70
11.87,Clear,Medium,Morning,Bike,10,6,43
2.83,Windy,Medium,Afternoon,Scooter,14,6,28
11.74,Clear,Low,Afternoon,Car,20,1,52
2.71,Clear,Low,Morning,Scooter,6,1,20
10.47,Clear,High,Evening,Scooter,14,7,55
4.5,Snowy,High,Evening,Bike,24,0,66
19.74,Clear,Low,Evening,Car,21,7,71
1.23,Clear,Low,Evening,Bike,18,6,21
4.83,Clear,Low,Evening,Bike,11,1,29
1.51,Clear,High,Afternoon,Bike,14,2,32
1.62,Windy,Low,Evening,Bike,9,8,16
11.31,Clear,High,Evening,Bike,20,0,67
6.05,Clear,Medium,Morning,Car,24,0,48
10.14,Clear,Medium,Morning,Scooter,20,1,59
9.45,Clear,Low,Afternoon,Car,13,0,49
6.8,Clear,High,Evening,Bike,28,5,55
15.65,Clear,Low,Afternoon,Bike,27,0,76
2.26,Clear,Medium,Morning,Scooter,6,3,19
12.05,Clear,Low,Evening,Scooter,29,4,61
8.25,Windy,Medium,Evening,Car,24,4,62
12.85,Rainy,Medium,Afternoon,Scooter,23,0,80
15.14,Windy,Medium,Morning,Bike,15,4,71
4.59,Foggy,Low,Evening,Scooter,19,8,36
12.02,Clear,Low,Afternoon,Bike,26,0,63
19.8,Clear,High,Evening,Bike,7,3,88
19.27,Foggy,High,Afternoon,Bike,14,6,92
4.92,Clear,High,Morning,Scooter,12,0,41
1.63,Rainy,Medium,Night,Bike,24,5,38
18.04,Clear,Medium,Morning,Bike,8,5,71
19.4,Snowy,Medium,Afternoon,Scooter,23,9,92
16.4,Clear,High,Morning,Scooter,12,2,70
12.01,Clear,Low,Morning,Car,5,7,42
18.46,Clear,Medium,Evening,Scooter,29,1,153
13.09,Windy,Low,Evening,Scooter,17,1,69
1.22,Foggy,High,Afternoon,Scooter,14,2,38
10.36,Rainy,Medium,Afternoon,Bike,7,8,39
4.31,Rainy,Medium,Afternoon,Bike,9,2,35
13.32,Windy,Medium,Afternoon,Bike,26,0,71
16.1,Clear,Low,Morning,Car,16,6,61
14.11,Rainy,High,Morning,Scooter,24,3,93
2.84,Clear,Medium,Night,Scooter,28,1,44
16.09,Snowy,Low,Morning,Car,13,6,69
16.05,Snowy,Medium,Evening,Bike,11,2,89
13.37,Windy,High,Afternoon,Scooter,17,8,63
10.16,Snowy,Medium,Night,Bike,10,1,67
6.13,Clear,Medium,Night,Scooter,22,0,48
4.96,Rainy,Low,Afternoon,Car,10,7,28
3,Clear,Low,Morning,Scooter,29,1,43
2.23,Snowy,Medium,Evening,Car,14,0,41
17.96,Clear,Medium,Evening,Scooter,26,0,74
7.8,Rainy,Medium,Morning,Bike,11,7,49
10.9,Clear,High,Afternoon,Scooter,6,8,47
3.17,Clear,Low,Afternoon,Bike,17,1,28
9.39,Windy,Medium,Morning,Scooter,21,9,50
17.44,Clear,Low,Evening,Bike,25,9,89
3.02,Rainy,Medium,Morning,Bike,23,1,46
19.99,Rainy,High,Evening,Bike,17,1,112
16.22,Rainy,High,Evening,Bike,22,0,102
2.74,Clear,High,Afternoon,Bike,18,9,37
5.74,Rainy,High,Evening,Bike,13,9,46
9.75,Clear,Low,Afternoon,Bike,22,7,50
15.62,Rainy,Medium,Afternoon,Scooter,23,7,78
16.54,Rainy,Medium,Afternoon,Bike,25,7,77
7.84,Rainy,Low,Morning,Scooter,7,8,36
17.44,Clear,Low,Night,Car,23,0,85
11.08,Windy,High,Afternoon,Bike,16,6,70
17.61,Clear,Medium,Evening,Scooter,21,9,79
8.28,Snowy,Low,Evening,Car,29,7,58
15.32,Clear,Medium,Morning,Bike,17,6,80
3.83,Rainy,Low,Evening,Car,27,3,49
3.25,Rainy,Medium,Evening,Scooter,29,0,51
19.75,Clear,Medium,Morning,Bike,25,1,103
15.19,Foggy,Low,Evening,Scooter,6,4,53
8.92,Windy,Medium,Morning,Bike,25,4,62
18.63,Windy,Low,Afternoon,Bike,11,5,85
12.74,Clear,Low,Night,Scooter,18,0,67
18.13,Rainy,High,Evening,Bike,21,2,88
2.47,Rainy,Low,Afternoon,Car,22,6,34
18.15,Windy,Medium,Morning,Bike,11,2,89
1.74,Foggy,High,Afternoon,Scooter,8,9,28
5.79,Windy,Medium,Morning,Bike,26,6,49
5.75,Windy,High,Morning,Scooter,7,4,37
17.41,Snowy,Medium,Evening,Bike,20,4,80
1.2,Rainy,Low,Morning,Scooter,24,7,33
8.07,Windy,Low,Evening,Bike,21,4,48
1.88,Clear,Medium,Morning,Scooter,24,7,35
0.72,Rainy,Medium,Afternoon,Scooter,9,2,23
14.19,Clear,Medium,Afternoon,Bike,9,1,57
16.73,Windy,High,Afternoon,Scooter,9,7,71
18.53,Rainy,Low,Afternoon,Scooter,8,8,57
4.32,Clear,Low,Morning,Bike,21,9,34
13.6,Foggy,High,Evening,Bike,9,7,61
18.46,Rainy,Low,Morning,Bike,19,9,94
7.67,Windy,Low,Morning,Car,9,2,31
8.23,Snowy,Low,Evening,Bike,17,3,56
13.44,Clear,Low,Night,Bike,29,0,63
15.04,Clear,Low,Morning,Car,24,5,60
7.48,Clear,Medium,Morning,Car,21,4,52
10.11,Rainy,Medium,Afternoon,Scooter,23,2,63
10.88,Snowy,Low,Afternoon,Car,13,3,52
13.97,Snowy,Low,Evening,Scooter,14,8,52
3.48,Foggy,Low,Afternoon,Scooter,9,1,31
10.73,Foggy,Low,Morning,Bike,6,6,35
5.18,Clear,Medium,Afternoon,Car,9,2,30
8.47,Foggy,Medium,Evening,Bike,24,0,68
15.64,Rainy,Low,Evening,Bike,20,4,141
10.95,Snowy,Medium,Afternoon,Bike,9,1,65
19.29,Windy,Medium,Evening,Scooter,7,8,84
2.59,Windy,Medium,Morning,Bike,13,5,28
3.98,Clear,High,Night,Car,19,3,41
6.06,Foggy,Low,Afternoon,Scooter,10,8,41
6.72,Foggy,Low,Evening,Bike,8,5,31
19.04,Clear,Medium,Morning,Scooter,27,2,85
14.28,Windy,High,Afternoon,Scooter,23,5,77
16.26,Rainy,High,Morning,Bike,16,6,70
4.25,Clear,Low,Afternoon,Bike,5,4,22
12.26,Clear,Low,Afternoon,Bike,20,2,66
19.81,Clear,Low,Afternoon,Bike,27,1,74
18.2,Windy,Medium,Morning,Bike,27,1,108
12.85,Rainy,Medium,Morning,Scooter,14,8,73
6.91,Clear,Low,Evening,Bike,27,8,91
9.64,Clear,Low,Morning,Bike,10,5,46
9.64,Rainy,Medium,Evening,Bike,14,6,52
2.28,Foggy,Medium,Morning,Scooter,27,6,44
15.34,Rainy,Low,Afternoon,Bike,18,6,54
3.22,Rainy,Medium,Night,Bike,14,8,34
9.71,Clear,Low,Morning,Bike,8,1,49
17.18,Clear,Medium,Night,Scooter,13,1,62
5.3,Clear,Medium,Afternoon,Scooter,29,3,47
10,Clear,Medium,Afternoon,Scooter,6,9,47
10.75,Rainy,Medium,Morning,Bike,8,6,60
9.49,Rainy,Medium,Morning,Car,23,6,53
7.24,Clear,Medium,Afternoon,Bike,28,7,57
16.09,Rainy,Low,Morning,Bike,21,8,66
15.53,Clear,Low,Morning,Bike,26,6,83
19.41,Windy,Low,Morning,Bike,11,8,62
17.24,Clear,Low,Evening,Bike,17,5,69
11.33,Clear,Low,Morning,Bike,25,3,60
18.23,Rainy,Low,Afternoon,Scooter,27,9,86
1.17,Clear,Medium,Morning,Bike,16,9,25
5.33,Clear,Low,Evening,Car,29,1,51
4.14,Rainy,Low,Morning,Bike,23,2,41
2.02,Clear,High,Evening,Bike,28,5,44
14.46,Rainy,Medium,Morning,Scooter,11,9,68
3.86,Clear,Medium,Afternoon,Bike,21,8,34
12.59,Windy,Medium,Morning,Bike,13,9,62
1.11,Clear,High,Morning,Scooter,22,8,35
9.11,Clear,Low,Afternoon,Bike,19,6,42
18.77,Snowy,Medium,Evening,Bike,24,0,115
16.35,Foggy,Medium,Night,Bike,16,6,67
6.22,Clear,Low,Afternoon,Bike,16,9,29
7.78,Foggy,High,Afternoon,Bike,25,3,74
0.88,Rainy,Low,Night,Car,27,2,37
16.43,Clear,Low,Evening,Bike,13,5,56
8.04,Clear,Medium,Evening,Car,27,0,65
18.65,Foggy,Low,Night,Car,19,2,68
5.73,Foggy,Low,Morning,Scooter,7,2,30
12.42,Rainy,Low,Evening,Bike,28,9,79
2.11,Clear,Low,Afternoon,Scooter,28,5,34
18.62,Clear,Low,Evening,Scooter,27,6,75
17.61,Clear,Medium,Morning,Scooter,19,3,80
10.62,Rainy,Medium,Night,Bike,7,2,48
18.83,Clear,Medium,Night,Bike,8,0,68
14.07,Clear,Medium,Morning,Bike,16,9,73
9.29,Clear,Medium,Evening,Bike,10,9,40
1.29,Rainy,Low,Evening,Bike,7,7,15
4.08,Windy,Medium,Afternoon,Bike,7,0,33
19.12,Windy,High,Evening,Car,8,0,92
17.93,Clear,Medium,Afternoon,Bike,29,4,85
2.33,Clear,Low,Morning,Car,6,1,17
3.18,Rainy,Medium,Evening,Bike,21,3,42
1.97,Clear,High,Morning,Car,28,7,43
6.2,Windy,High,Evening,Scooter,7,3,42
1.02,Windy,High,Evening,Bike,6,8,21
5.3,Clear,Low,Evening,Bike,16,5,32
9.34,Rainy,Low,Evening,Car,10,0,40
10.09,Clear,Medium,Evening,Bike,7,0,49
15.35,Rainy,High,Night,Scooter,23,9,80
17.12,Rainy,Low,Morning,Bike,26,3,86
3.94,Snowy,Low,Afternoon,Bike,19,3,43
18.02,Clear,Medium,Evening,Car,12,3,77
14.41,Snowy,Medium,Evening,Bike,8,8,75
11.44,Rainy,Medium,Evening,Car,20,2,57
15.23,Foggy,Low,Morning,Car,6,0,52
1.95,Clear,Low,Morning,Scooter,16,2,23
7.72,Rainy,Medium,Morning,Bike,11,4,36
11.78,Clear,Low,Afternoon,Scooter,26,3,71
3.4,Windy,Medium,Morning,Bike,11,6,30
2.14,Clear,High,Evening,Bike,18,3,34
10.04,Rainy,High,Afternoon,Bike,12,9,59
14.72,Clear,Medium,Evening,Scooter,15,8,80
3.7,Clear,Medium,Morning,Bike,28,7,45
19.73,Rainy,Low,Evening,Bike,8,8,64
10.83,Clear,Medium,Evening,Scooter,8,9,51
16.3,Foggy,Low,Morning,Car,12,1,100
5.98,Foggy,High,Morning,Bike,14,6,44
5.98,Rainy,High,Morning,Bike,21,2,60
4.14,Foggy,Medium,Morning,Bike,21,0,46
16.68,Clear,Medium,Afternoon,Bike,9,9,63
18.69,Windy,Medium,Night,Bike,23,9,74
18.44,Rainy,High,Morning,Bike,27,7,80
13,Windy,High,Morning,Bike,22,8,65
16.45,Clear,Medium,Evening,Scooter,25,3,87
16.17,Clear,Medium,Evening,Car,10,2,116
17.88,Clear,Medium,Evening,Bike,29,3,98
5.23,Clear,Medium,Morning,Scooter,19,4,37
4.32,Clear,Medium,Morning,Bike,17,4,36
9.09,Rainy,Medium,Morning,Bike,6,7,43
12.67,Windy,Medium,Morning,Scooter,7,3,43
1.85,Clear,Medium,Evening,Bike,10,1,24
7.51,Rainy,Low,Evening,Car,27,6,50
6.58,Clear,Low,Afternoon,Bike,13,1,34
12.7,Clear,Low,Morning,Scooter,22,2,57
7.31,Foggy,Medium,Afternoon,Bike,26,2,65
9.2,Clear,High,Morning,Scooter,9,9,48
10.22,Foggy,Low,Afternoon,Scooter,21,0,61
8.15,Clear,High,Evening,Scooter,12,9,43
10.61,Clear,Medium,Morning,Bike,17,0,59
7.73,Clear,High,Night,Bike,29,5,58
19.66,Clear,Low,Morning,Car,19,6,70
14.66,Snowy,High,Morning,Car,5,6,71
9.73,Clear,Low,Afternoon,Bike,29,6,60
14.52,Clear,Medium,Afternoon,Car,26,5,86
5.93,Foggy,High,Night,Scooter,27,1,106
4.94,Rainy,High,Evening,Scooter,28,4,63
11.88,Rainy,High,Afternoon,Car,29,9,78
19.41,Foggy,Medium,Morning,Car,7,6,66
3.68,Clear,High,Afternoon,Car,16,6,47
11.06,Clear,High,Evening,Bike,6,9,53
10.2,Rainy,Medium,Afternoon,Bike,18,9,56
0.74,Rainy,Low,Morning,Car,13,4,21
15.21,Snowy,Medium,Afternoon,Bike,20,9,90
7.69,Rainy,High,Morning,Scooter,16,3,58
11.21,Clear,High,Afternoon,Scooter,23,1,76
6.18,Clear,Medium,Evening,Bike,9,9,35
2.71,Clear,Medium,Morning,Car,6,5,19
3.49,Clear,Medium,Morning,Bike,17,2,38
9.29,Clear,Medium,Morning,Bike,17,2,49
0.71,Foggy,Low,Night,Bike,29,1,41
5.32,Rainy,Low,Afternoon,Scooter,27,2,48
4.1,Clear,Medium,Evening,Car,18,3,38
13.84,Clear,Low,Morning,Scooter,18,0,64
3.9,Rainy,High,Morning,Car,25,9,54
18.6,Rainy,Medium,Morning,Car,28,9,77
14.88,Snowy,Medium,Evening,Bike,10,0,64
3.63,Windy,Medium,Morning,Car,22,9,39
3.22,Windy,High,Morning,Car,7,7,27
11.51,Foggy,Low,Afternoon,Car,5,7,57
19.72,Rainy,Low,Afternoon,Bike,27,6,109
11.08,Clear,Low,Evening,Scooter,28,2,58
3.95,Clear,Medium,Morning,Car,28,5,47
7.29,Clear,High,Evening,Car,11,7,48
10.3,Clear,Low,Morning,Car,12,7,41
10.73,Rainy,High,Afternoon,Car,27,6,83
17.28,Clear,Low,Morning,Car,28,3,72
13.37,Foggy,Medium,Evening,Scooter,16,9,71
11.36,Clear,Medium,Morning,Scooter,8,2,52
7.58,Clear,High,Afternoon,Scooter,19,9,57
6.13,Rainy,High,Morning,Bike,25,6,59
2.32,Clear,Low,Afternoon,Scooter,23,1,32
17.49,Rainy,Low,Evening,Bike,27,9,97
1.69,Windy,Medium,Afternoon,Car,11,7,20
4.52,Clear,Low,Evening,Car,17,0,71
7.15,Windy,Low,Morning,Bike,15,3,42
10.86,Windy,Medium,Afternoon,Car,10,4,60
15.88,Rainy,Low,Evening,Car,17,1,68
9.7,Snowy,Low,Evening,Bike,6,3,45
14.95,Clear,Medium,Morning,Bike,13,7,49
11.36,Foggy,Low,Afternoon,Bike,6,4,47
12.14,Foggy,High,Afternoon,Bike,12,0,65
16.31,Foggy,Medium,Afternoon,Car,14,7,71
14.7,Clear,Medium,Evening,Scooter,24,5,75
13.42,Rainy,Medium,Evening,Bike,6,6,105
7.9,Clear,Low,Afternoon,Scooter,22,1,48
15.35,Foggy,Low,Morning,Car,5,3,56
15.12,Foggy,Low,Morning,Bike,14,1,58
0.82,Windy,Low,Morning,Car,18,9,23
6.43,Clear,Low,Evening,Car,9,7,26
8.66,Snowy,High,Morning,Bike,29,3,77
11.16,Foggy,Medium,Afternoon,Car,21,4,77
18.77,Foggy,Low,Afternoon,Car,15,6,71
5.84,Clear,Medium,Evening,Bike,21,7,35
1.01,Clear,High,Night,Bike,17,7,29
3.92,Rainy,Medium,Night,Bike,20,9,41
12.77,Foggy,Low,Morning,Bike,22,8,71
2.33,Clear,Low,Evening,Bike,9,2,18
2.92,Windy,High,Afternoon,Bike,24,4,48
13.35,Rainy,Low,Evening,Scooter,14,4,91
5.26,Rainy,Medium,Evening,Scooter,28,8,51
4.39,Foggy,Medium,Night,Bike,12,8,38
8.67,Windy,High,Morning,Bike,20,4,55
16.53,Snowy,Low,Afternoon,Scooter,24,9,99
13.47,Clear,Medium,Evening,Bike,19,4,59
18.86,Snowy,Medium,Night,Bike,18,1,89
12.81,Clear,Low,Morning,Bike,12,2,51
2.4,Snowy,Low,Night,Scooter,27,5,42
7.44,Rainy,Medium,Evening,Bike,6,1,39
1.89,Clear,Medium,Evening,Scooter,13,7,22
19.28,Snowy,Medium,Morning,Car,21,3,101
6.29,Clear,Medium,Morning,Scooter,10,7,27
1.81,Clear,Medium,Afternoon,Car,23,3,34
1.74,Clear,Medium,Night,Bike,23,2,34
13.44,Clear,Medium,Morning,Car,22,1,79
7.11,Clear,Low,Afternoon,Scooter,27,2,48
4.5,Windy,Low,Evening,Scooter,20,6,32
8.31,Windy,Medium,Morning,Bike,6,5,44
16.37,Clear,High,Morning,Bike,26,7,97
9.78,Clear,Medium,Afternoon,Bike,18,3,58
4.88,Windy,Medium,Afternoon,Scooter,26,7,48
5.54,Rainy,Medium,Afternoon,Scooter,28,9,51
11.54,Clear,High,Afternoon,Car,10,0,56
12.85,Clear,Low,Afternoon,Scooter,5,1,54
5.56,Clear,Low,Afternoon,Scooter,19,5,31
3.33,Clear,Medium,Evening,Scooter,24,2,44
3.47,Snowy,High,Night,Bike,24,9,53
12.01,Clear,Low,Morning,Scooter,26,6,57
15.98,Foggy,Low,Morning,Car,21,6,90
3.64,Clear,Low,Morning,Scooter,16,3,26
19.47,Clear,Low,Morning,Bike,16,8,83
15.51,Rainy,Medium,Morning,Scooter,10,8,81
10.42,Windy,Medium,Afternoon,Bike,28,3,72
15.9,Rainy,Low,Evening,Car,19,5,78
15.17,Windy,Low,Morning,Bike,25,4,77
2.78,Rainy,Low,Morning,Bike,21,4,37
1.98,Rainy,Low,Afternoon,Bike,22,0,39
14.03,Clear,Low,Afternoon,Bike,17,2,65
2.06,Foggy,Medium,Evening,Scooter,22,4,40
11.02,Clear,High,Morning,Scooter,22,2,70
17.95,Snowy,High,Morning,Scooter,16,4,96
5.17,Foggy,Low,Morning,Bike,29,0,56
16.62,Snowy,Low,Afternoon,Bike,26,8,94
0.71,Rainy,Low,Morning,Car,25,8,31
13.44,Clear,Medium,Evening,Scooter,9,5,55
13.1,Clear,Low,Evening,Bike,28,2,72
19.24,Rainy,High,Afternoon,Bike,9,7,75
5.35,Clear,Medium,Afternoon,Scooter,24,6,43
12.22,Clear,Low,Evening,Scooter,15,0,56
18.55,Clear,Low,Afternoon,Car,11,9,69
6.44,Clear,Low,Afternoon,Car,18,2,43
8.77,Foggy,Medium,Evening,Car,14,7,49
10.97,Clear,Low,Afternoon,Scooter,27,3,51
6.68,Clear,High,Morning,Scooter,10,5,44
12.93,Rainy,Low,Afternoon,Scooter,25,0,61
7.99,Clear,Medium,Evening,Bike,18,4,42
15.78,Clear,High,Afternoon,Scooter,12,1,68
9.95,Windy,High,Evening,Scooter,21,5,72
13.47,Rainy,Low,Afternoon,Scooter,7,6,46
17.19,Clear,Medium,Afternoon,Bike,11,8,76
3.23,Clear,High,Afternoon,Bike,17,9,33
1.27,Foggy,High,Afternoon,Bike,25,9,46
4.71,Clear,Low,Morning,Bike,20,6,31
12.82,Rainy,Medium,Evening,Bike,28,9,72
18.21,Clear,Low,Evening,Bike,6,3,74
9.51,Clear,High,Morning,Bike,26,9,63
0.89,Rainy,Low,Morning,Car,9,0,20
5.24,Windy,High,Afternoon,Scooter,26,8,51
10.64,Windy,Low,Evening,Car,11,9,36
13.23,Clear,Medium,Night,Bike,20,8,70
19.03,Clear,Medium,Morning,Scooter,8,8,65
10.3,Rainy,Low,Evening,Bike,29,0,73
12.39,Snowy,Medium,Evening,Bike,14,8,56
18.8,Clear,High,Afternoon,Bike,23,7,95
16.78,Rainy,Medium,Morning,Bike,22,1,70
7.85,Clear,Low,Afternoon,Scooter,7,9,34
11.63,Clear,Medium,Night,Scooter,29,7,57
7.8,Windy,Medium,Afternoon,Car,17,6,44
11.88,Rainy,Medium,Afternoon,Bike,5,1,63
14.89,Clear,High,Evening,Car,22,9,88
16.44,Rainy,High,Afternoon,Bike,12,2,86
2.65,Clear,Medium,Afternoon,Car,14,4,35
18.01,Foggy,High,Night,Bike,14,2,71
10.32,Clear,Medium,Night,Car,24,5,49
6.37,Rainy,Low,Afternoon,Car,29,4,56
3.74,Rainy,Low,Morning,Bike,19,6,36
17.99,Windy,High,Evening,Bike,5,1,73
13.96,Rainy,Low,Night,Bike,5,1,42
16.02,Clear,Low,Evening,Bike,20,7,61
7.52,Clear,Medium,Afternoon,Car,17,9,44
2.51,Clear,Low,Morning,Bike,16,2,28
6.7,Foggy,High,Morning,Scooter,23,3,59
17.61,Windy,Low,Morning,Bike,5,8,61
3.65,Clear,Medium,Morning,Bike,29,9,46
14.27,Clear,Medium,Night,Car,24,3,77
8.85,Clear,Low,Afternoon,Bike,11,9,45
9.24,Windy,Medium,Afternoon,Bike,8,2,49
19.7,Rainy,Low,Evening,Car,16,6,66
11.61,Clear,High,Morning,Car,19,1,67
16.44,Windy,High,Afternoon,Car,8,0,80
8.67,Rainy,High,Afternoon,Bike,12,7,104
5.14,Clear,Medium,Evening,Scooter,23,7,43
10.46,Clear,Medium,Evening,Bike,25,3,68
5.23,Clear,Medium,Morning,Scooter,23,2,47
10.35,Clear,Medium,Night,Bike,7,9,48
4.04,Rainy,High,Evening,Bike,14,6,39
2.66,Clear,Low,Afternoon,Bike,16,8,21
17.61,Foggy,Medium,Afternoon,Bike,9,5,74
8.48,Clear,High,Night,Bike,11,5,39
17.06,Clear,Low,Evening,Bike,9,9,66
6.78,Foggy,Low,Night,Bike,18,6,42
9,Snowy,Medium,Afternoon,Car,29,3,78
12.74,Clear,Low,Afternoon,Scooter,12,0,63
18.72,Rainy,Medium,Afternoon,Bike,17,0,89
3.23,Clear,Low,Morning,Bike,7,7,14
12.56,Clear,Low,Morning,Car,22,8,49
1,Snowy,Medium,Morning,Bike,28,0,51
3.46,Clear,Low,Morning,Bike,24,6,37
6,Snowy,Low,Morning,Car,20,8,53
14.79,Clear,Medium,Morning,Scooter,12,9,64
14.65,Snowy,High,Morning,Car,19,3,95
14.2,Clear,Medium,Afternoon,Bike,17,1,73
7.04,Clear,Low,Afternoon,Bike,11,8,38
19.74,Clear,Medium,Afternoon,Car,16,1,98
11.88,Rainy,Medium,Evening,Bike,20,8,69
18.63,Clear,Low,Evening,Bike,26,8,75
8.8,Rainy,Medium,Afternoon,Bike,6,2,38
11.75,Clear,High,Morning,Bike,9,2,55
18.95,Snowy,Low,Morning,Car,27,0,92
7.6,Foggy,Low,Morning,Bike,16,4,48
17.99,Foggy,Low,Morning,Car,11,2,84
13.82,Clear,Medium,Evening,Bike,21,9,72
15.53,Foggy,Low,Evening,Bike,26,7,68
3.97,Clear,High,Afternoon,Bike,19,8,40
10.1,Clear,High,Morning,Car,17,6,55
18.21,Foggy,Low,Morning,Bike,5,1,70
2.68,Clear,Low,Morning,Bike,16,8,25
3.88,Snowy,Low,Morning,Bike,9,6,33
15.89,Snowy,Medium,Afternoon,Car,15,9,91
6.73,Clear,Medium,Afternoon,Bike,21,1,54
0.75,Clear,Medium,Afternoon,Bike,10,5,16
13.79,Rainy,Low,Night,Scooter,11,0,69
18.83,Clear,Medium,Evening,Scooter,5,8,69
11.62,Clear,Low,Afternoon,Bike,9,8,33
5.03,Clear,Medium,Morning,Bike,17,1,38
15.08,Rainy,Medium,Evening,Scooter,26,1,94
10.48,Rainy,Low,Afternoon,Car,10,7,45
7.82,Rainy,Medium,Evening,Bike,16,8,45
16.98,Clear,Low,Afternoon,Bike,11,6,78
14.83,Rainy,Low,Morning,Car,19,4,126
5.67,Clear,Low,Morning,Scooter,11,9,27
18.33,Snowy,Medium,Morning,Scooter,5,5,67
17.46,Clear,Medium,Morning,Scooter,6,3,62
1.34,Foggy,High,Evening,Bike,9,5,30
1.38,Clear,Low,Morning,Scooter,13,9,17
3.67,Clear,Low,Evening,Bike,9,0,26
7.86,Windy,Medium,Morning,Car,22,2,55
8.98,Clear,Medium,Afternoon,Scooter,22,8,105
12.85,Rainy,Medium,Evening,Scooter,6,7,61
17.91,Clear,Low,Afternoon,Bike,6,7,68
15.09,Snowy,Low,Morning,Car,20,7,68
4.22,Clear,Medium,Morning,Bike,16,7,35
12.33,Clear,High,Night,Bike,7,2,101
17.87,Snowy,Low,Morning,Scooter,29,4,87
2.16,Clear,Medium,Night,Car,10,1,23
3.11,Rainy,Medium,Morning,Scooter,21,1,43
1.42,Clear,High,Afternoon,Scooter,24,2,40
18.57,Rainy,Medium,Afternoon,Bike,16,7,89
17.51,Clear,Medium,Evening,Bike,15,3,60
6.84,Clear,Medium,Evening,Bike,25,1,51
18.34,Snowy,Medium,Afternoon,Scooter,22,1,91
3.51,Windy,Medium,Night,Bike,22,2,44
14.7,Clear,Medium,Morning,Scooter,6,2,58
16.85,Clear,High,Morning,Car,17,4,71
16.26,Rainy,Low,Morning,Car,27,5,66
19.1,Snowy,Medium,Morning,Bike,25,6,90
13.71,Rainy,Medium,Evening,Bike,22,9,64
8.92,Clear,Medium,Evening,Bike,10,1,51
14.58,Clear,Low,Evening,Bike,23,0,70
9.71,Clear,Low,Afternoon,Car,27,5,61
19.94,Clear,Low,Afternoon,Bike,26,6,83
4.53,Snowy,Medium,Morning,Scooter,18,4,49
10.7,Clear,High,Afternoon,Car,8,4,57
10.13,Clear,Medium,Evening,Bike,22,0,65
0.78,Clear,Low,Afternoon,Bike,11,0,18
18.84,Foggy,Medium,Afternoon,Scooter,25,8,88
15.08,Snowy,Low,Evening,Bike,29,7,84
17.32,Clear,Low,Evening,Scooter,10,3,77
6.81,Clear,Medium,Evening,Bike,23,2,47
2.79,Clear,High,Morning,Bike,23,7,38
11.44,Foggy,High,Afternoon,Car,14,4,74
2.44,Snowy,High,Evening,Bike,13,9,39
2.48,Rainy,Low,Evening,Scooter,20,8,30
7.75,Clear,Medium,Evening,Scooter,21,1,55
0.85,Clear,Medium,Morning,Bike,9,8,17
8.87,Clear,Low,Evening,Bike,19,3,55
15.37,Snowy,Medium,Afternoon,Car,15,5,66
10.29,Foggy,Medium,Evening,Scooter,25,4,67
15.06,Rainy,Low,Morning,Bike,22,4,65
3.54,Foggy,Low,Morning,Bike,23,7,37
7.17,Clear,Medium,Morning,Scooter,7,9,29
4.62,Rainy,Medium,Afternoon,Car,8,3,33
5.53,Clear,Low,Morning,Car,10,8,27
12.74,Rainy,Low,Afternoon,Bike,17,9,63
9.06,Clear,High,Evening,Bike,26,3,61
2.71,Foggy,Low,Morning,Bike,6,0,28
16.92,Clear,Low,Night,Bike,23,5,78
13.54,Foggy,Low,Morning,Bike,11,1,54
1,Snowy,Medium,Morning,Bike,25,4,44
8.77,Clear,Medium,Morning,Car,12,2,42
16.01,Windy,Low,Morning,Car,28,0,84
12.63,Foggy,Medium,Night,Scooter,8,8,49
8.09,Foggy,Low,Evening,Car,22,2,56
6.54,Clear,Medium,Night,Bike,10,7,39
10.64,Clear,Medium,Afternoon,Scooter,14,5,45
1.77,Clear,Medium,Evening,Bike,14,9,22
13,Foggy,Low,Evening,Bike,25,7,77
12.83,Clear,Low,Evening,Bike,5,8,50
13.02,Snowy,High,Afternoon,Car,6,9,65
18.89,Rainy,Medium,Morning,Scooter,22,1,74
10.53,Foggy,High,Evening,Bike,25,8,72
5.01,Rainy,Low,Afternoon,Bike,10,5,31
16,Foggy,Medium,Afternoon,Scooter,13,3,65
17.86,Clear,Low,Afternoon,Scooter,16,8,83
2.99,Foggy,High,Afternoon,Bike,9,5,90
16.38,Clear,Medium,Morning,Bike,6,2,51
6.09,Clear,Medium,Night,Bike,7,4,27
13.61,Clear,Low,Morning,Bike,26,0,66
8.5,Snowy,High,Evening,Bike,14,7,56
8.55,Clear,Low,Evening,Scooter,28,8,46
4.05,Clear,Medium,Afternoon,Scooter,21,5,39
19.5,Clear,High,Morning,Bike,18,2,73
7.59,Clear,Medium,Afternoon,Scooter,16,3,37
16.66,Snowy,High,Afternoon,Scooter,29,7,95
19.41,Snowy,High,Evening,Car,21,3,100
13.74,Foggy,Medium,Afternoon,Bike,6,1,56
0.64,Clear,High,Night,Bike,10,3,24
12.1,Clear,High,Afternoon,Bike,11,0,53
12.09,Clear,Medium,Morning,Car,13,1,60
11.82,Windy,Medium,Night,Bike,24,7,77
5.28,Foggy,Low,Morning,Bike,27,6,53
5.98,Clear,Low,Evening,Car,22,9,35
2.93,Clear,Medium,Morning,Bike,24,8,94
4.05,Snowy,Medium,Evening,Scooter,19,2,50
13.61,Clear,Low,Afternoon,Scooter,12,2,43
2.88,Rainy,Medium,Morning,Car,16,4,41
5.91,Clear,Medium,Evening,Scooter,29,4,57
6,Rainy,Medium,Evening,Scooter,21,2,47
11.33,Clear,Medium,Afternoon,Scooter,29,7,77
15.01,Clear,Medium,Morning,Bike,15,6,64
6.85,Clear,High,Morning,Bike,16,5,48
11.93,Snowy,High,Morning,Car,7,1,75
18.82,Windy,Low,Morning,Car,5,3,77
1.03,Clear,Medium,Afternoon,Bike,19,4,29
14.22,Rainy,Medium,Evening,Car,25,8,84
18.18,Snowy,High,Evening,Bike,17,3,85
14.75,Clear,Low,Morning,Car,10,7,62
11.7,Rainy,Low,Afternoon,Bike,17,5,60
10.68,Clear,Low,Morning,Bike,14,1,42
1.51,Clear,High,Evening,Bike,26,1,44
8.01,Clear,High,Morning,Bike,8,6,48
3.23,Rainy,Low,Morning,Car,25,7,42
13.16,Rainy,High,Morning,Scooter,25,8,68
10.11,Windy,Low,Morning,Bike,11,4,44
18.39,Windy,Low,Afternoon,Bike,24,6,74
10.62,Windy,Medium,Afternoon,Car,22,5,54
10.73,Clear,Medium,Afternoon,Bike,7,5,57
6.23,Clear,Medium,Evening,Car,20,1,51
2.14,Clear,Low,Afternoon,Bike,25,1,36
12.83,Clear,Medium,Morning,Bike,19,2,76
8.37,Clear,High,Evening,Scooter,13,7,42
3.69,Rainy,Medium,Afternoon,Bike,8,8,27
18.1,Clear,Low,Morning,Scooter,8,5,77
7.06,Clear,Low,Afternoon,Scooter,26,5,51
1.94,Foggy,Low,Night,Bike,10,1,25
0.59,Clear,Low,Afternoon,Bike,21,0,27
17.01,Snowy,Low,Night,Bike,28,6,97
5.36,Clear,Low,Afternoon,Scooter,11,4,30
12,Clear,Low,Evening,Car,25,0,75
16.23,Clear,Medium,Evening,Bike,6,0,54
19.04,Rainy,Low,Evening,Car,12,6,60
18.33,Foggy,Medium,Morning,Scooter,19,0,98
2.58,Clear,Medium,Morning,Scooter,25,7,37
4.65,Clear,Medium,Evening,Bike,21,1,46
17.33,Snowy,Low,Evening,Scooter,12,3,79
0.68,Snowy,High,Evening,Bike,29,8,50
19.33,Clear,Medium,Morning,Bike,7,8,73
3.42,Clear,Medium,Night,Car,11,9,24
19.02,Rainy,High,Evening,Scooter,22,1,106
17.81,Windy,High,Evening,Bike,21,4,122
2.67,Clear,Medium,Night,Car,17,6,28
19.24,Snowy,Low,Afternoon,Bike,26,1,114
14.41,Rainy,Medium,Night,Bike,16,6,85
2.41,Clear,Medium,Evening,Bike,15,9,25
17.98,Clear,Low,Evening,Bike,5,8,45
7.34,Foggy,Medium,Afternoon,Bike,22,5,93
12.51,Clear,Medium,Evening,Bike,18,5,62
4.97,Rainy,Low,Evening,Bike,17,9,34
19.1,Snowy,Low,Afternoon,Bike,18,1,101
4.64,Clear,Low,Afternoon,Bike,15,9,24
14.07,Rainy,Low,Evening,Bike,10,5,63
3.79,Clear,Medium,Morning,Bike,13,2,34
3.96,Clear,Medium,Afternoon,Bike,23,1,44
18.31,Clear,Medium,Afternoon,Bike,25,3,79
6.76,Foggy,Medium,Night,Bike,7,6,42
0.76,Clear,Low,Afternoon,Car,26,9,28
5.81,Rainy,Medium,Evening,Bike,14,8,41
12.08,Clear,High,Afternoon,Scooter,16,4,60
1.57,Rainy,Low,Evening,Car,16,1,30
11.89,Clear,Medium,Afternoon,Bike,28,0,79
7.02,Clear,Medium,Evening,Car,23,2,53
13.85,Clear,Low,Evening,Bike,29,5,71
9.32,Rainy,Medium,Evening,Scooter,24,2,71
7.72,Foggy,High,Evening,Bike,19,4,64
8.15,Rainy,Low,Afternoon,Bike,26,2,50
3.54,Rainy,Medium,Afternoon,Scooter,17,4,41
3.16,Snowy,Low,Morning,Car,9,1,27
11.65,Windy,Low,Night,Bike,10,3,53
5.22,Snowy,Medium,Night,Scooter,14,3,43
5.41,Clear,High,Morning,Scooter,17,6,38
9.88,Rainy,Medium,Morning,Car,7,0,43
19.86,Rainy,High,Evening,Bike,12,8,71
5.53,Windy,High,Morning,Bike,23,4,59
12.46,Foggy,Low,Afternoon,Bike,10,1,62
1.38,Clear,Medium,Morning,Car,6,3,17
10.79,Clear,Medium,Evening,Scooter,24,1,65
14.23,Clear,Medium,Afternoon,Scooter,23,7,70
1.21,Snowy,Low,Afternoon,Bike,22,1,39
11.1,Clear,Low,Afternoon,Bike,18,7,56
17.1,Clear,Medium,Evening,Bike,25,5,65
3.22,Clear,Medium,Afternoon,Bike,19,9,32
19.27,Foggy,Medium,Morning,Car,29,9,85
2.82,Rainy,Medium,Evening,Scooter,10,1,29
7.67,Foggy,Medium,Afternoon,Scooter,22,8,59
16.07,Clear,Medium,Evening,Bike,16,5,64
7.97,Windy,Medium,Evening,Scooter,9,8,35
18,Rainy,High,Night,Car,22,3,98
16.17,Clear,Medium,Evening,Scooter,12,2,78
14.86,Clear,High,Night,Scooter,15,4,91
11.68,Clear,Medium,Afternoon,Scooter,25,7,70
12.59,Clear,Low,Evening,Scooter,10,2,39
8.96,Snowy,Medium,Morning,Car,6,5,51
16.51,Clear,Medium,Morning,Bike,7,1,79
16.01,Clear,Low,Afternoon,Car,12,4,72
19.74,Rainy,High,Afternoon,Scooter,11,7,81
8.64,Snowy,Low,Evening,Bike,29,4,62
5.13,Clear,Medium,Morning,Car,16,1,38
5.78,Clear,High,Morning,Bike,11,5,38
2.6,Clear,Low,Afternoon,Bike,16,1,29
2.34,Foggy,Medium,Morning,Bike,8,2,28
12.93,Clear,Medium,Morning,Scooter,20,8,58
1.6,Clear,Medium,Evening,Bike,14,8,24
7.44,Rainy,Low,Evening,Bike,27,3,53
14.39,Rainy,Medium,Morning,Scooter,6,3,50
6.07,Clear,Low,Afternoon,Bike,18,4,35
17.97,Windy,Medium,Morning,Scooter,28,7,92
17.53,Clear,Low,Afternoon,Bike,14,6,79
12.43,Rainy,High,Morning,Bike,13,6,70
10.89,Windy,Medium,Evening,Bike,7,0,58
4.37,Clear,Medium,Evening,Scooter,6,7,25
8.5,Clear,High,Evening,Car,13,3,54
16.28,Rainy,Low,Morning,Scooter,8,9,71
15.62,Snowy,High,Evening,Scooter,26,2,81
14.17,Clear,Low,Afternoon,Bike,8,0,55
6.63,Foggy,Low,Night,Scooter,24,3,58
